Name,Asst1,Asst2,Asst3,Exam,Final
Adam,9,8.0,8.0,60.0,67.0
Bing,7,8.0,7.0,75.0,74.5
Carla,6,,5.0,,INC
Darius,6,7.0,10.0,80.0,79.0
mean,7,7.666666667,7.5,71.66666667,72.333333336
